framenum,source,blockw,blockh,srcx,srcy,dstx,dsty,flags
6,-1, 8, 8, 277, 207, 276, 212,0x0
6,-1,16, 8, 304, 250, 296, 252,0x0
10,-1, 8, 8, 282, 140, 276, 140,0x0
17,-1, 8, 8, 240,  97, 236,  92,0x0
20,-1, 8, 8, 636,  51, 636,  44,0x0
21,-1, 8, 8, 265,  96, 260,  92,0x0
21,-1, 8, 8, 267, 187, 268, 180,0x0
21,-1, 8, 8, 265, 270, 260, 276,0x0
25,-1,16, 8, 236,  65, 232,  60,0x0
25,-1,16, 8, 236,  72, 232,  68,0x0
25,-1,16, 8, 236,  80, 232,  76,0x0
25,-1, 8, 8, 247,  72, 244,  68,0x0
25,-1, 8, 8, 247,  80, 244,  76,0x0
25,-1, 8, 8, 217, 132, 212, 132,0x0
25,-1, 8, 8, 224, 135, 220, 132,0x0
25,-1, 8, 8, 217, 139, 212, 140,0x0
25,-1, 8, 8, 228, 141, 220, 140,0x0
25,-1, 8, 8, 217, 150, 212, 148,0x0
25,-1, 8, 8, 220, 158, 212, 156,0x0
25,-1, 8, 8, 226, 158, 220, 156,0x0
25,-1, 8, 8, 225, 166, 220, 164,0x0
25,-1,16, 8, 270, 173, 264, 172,0x0
25,-1, 8, 8, 281, 172, 276, 172,0x0
25,-1, 8,16, 242, 184, 236, 184,0x0
25,-1, 8, 8, 264, 184, 260, 180,0x0
25,-1, 8, 8, 279, 192, 276, 180,0x0
25,-1, 8, 8, 279, 264, 276, 268,0x0
25,-1, 8, 8, 292, 266, 284, 268,0x0
25,-1, 8, 8, 260, 276, 252, 284,0x0
25,-1, 8, 8, 263, 271, 260, 276,0x0
25,-1, 8, 8, 272, 271, 268, 276,0x0
25,-1, 8, 8, 272, 277, 268, 284,0x0
25,-1, 8,16, 279, 276, 276, 280,0x0
25,-1,16, 8, 298, 271, 296, 276,0x0
27,-1, 8, 8, 271, 271, 268, 276,0x0
32,-1, 8, 8, 510,  12, 516,  12,0x0
32,-1, 8, 8, 364,  84, 372,  84,0x0
34,-1, 8, 8, 514,   4, 508,   4,0x0
34,-1, 8, 8, 231,  48, 228,  44,0x0
34,-1, 8, 8, 263,  99, 260,  92,0x0
34,-1, 8, 8, 232, 128, 228, 124,0x0
35,-1, 8, 8, 273, 290, 268, 292,0x0
36,-1, 8, 8, 208, 135, 204, 140,0x0
40,-1, 8, 8, 267, 277, 268, 284,0x0
4 41,-1,16, 8, 220,  31, 216,  28,0x0
41,-1, 8, 8, 232,  31, 228,  28,0x0
41,-1, 8,16, 208,  43, 204,  40,0x0
41,-1, 8, 8, 216,  39, 212,  36,0x0
41,-1, 8, 8, 224,  39, 220,  36,0x0
41,-1, 8, 8, 216,  47, 212,  44,0x0
41,-1, 8, 8, 224,  47, 220,  44,0x0
41,-1, 8, 8, 211,  59, 204,  52,0x0
41,-1, 8, 8, 211,  67, 204,  60,0x0
41,-1,16,16, 221,  60, 216,  56,0x0
41,-1,16,16, 221,  75, 216,  72,0x0
41,-1,16, 8, 221, 104, 216, 100,0x0
41,-1, 8, 8, 224, 120, 220, 116,0x0
41,-1, 8, 8, 542, 116, 548, 116,0x0
41,-1, 8, 8, 278, 279, 276, 284,0x0
41,-1, 8, 8, 290, 284, 284, 284,0x0
41,-1, 8,16, 225, 294, 220, 296,0x0
41,-1,16, 8, 235, 288, 232, 292,0x0
41,-1, 8, 8, 278, 287, 276, 292,0x0
4 42,-1, 8, 8, 198, 121, 196, 116,0x0
42,-1,16,16, 222, 216, 216, 216,0x0
42,-1,16, 8, 234, 237, 232, 244,0x0
48,-1, 8, 8, 233, 101, 228, 108,0x0
50,-1, 8, 8, 292,  60, 300,  60,0x0
50,-1,16, 8, 235, 110, 232, 116,0x0
55,-1, 8, 8, 232,  71, 236,  68,0x0
55,-1, 8, 8, 231,  77, 236,  76,0x0
57,-1, 8, 8, 218,  37, 228,  36,0x0
57,-1, 8, 8, 222,  37, 236,  36,0x0
57,-1, 8, 8, 218,  45, 228,  44,0x0
58,-1, 8, 8, 222,  21, 228,  20,0x0
58,-1, 8, 8, 230,  21, 236,  20,0x0
58,-1, 8, 8, 221,  29, 228,  28,0x0
58,-1, 8, 8, 230,  30, 236,  28,0x0
58,-1, 8, 8, 214,  36, 220,  36,0x0
58,-1, 8,16, 221,  41, 228,  40,0x0
58,-1, 8,16, 228,  41, 236,  40,0x0
58,-1, 8, 8, 236,  38, 244,  36,0x0
61,-1, 8, 8, 184,  71, 188,  68,0x0
20 63,-1,16, 8, 232,   7, 232,  12,0x0
63,-1,16,16, 229,  17, 232,  24,0x0
63,-1,16,16, 245,  17, 248,  24,0x0
63,-1,16,16, 229,  33, 232,  40,0x0
63,-1,16, 8, 246,  29, 248,  36,0x0
63,-1,16, 8, 246,  37, 248,  44,0x0
63,-1,16,16, 207,  41, 200,  56,0x0
63,-1, 8,16, 211,  48, 212,  56,0x0
63,-1, 8,16, 217,  50, 220,  56,0x0
63,-1, 8,16, 225,  50, 228,  56,0x0
63,-1, 8,16, 234,  49, 236,  56,0x0
63,-1,16,16, 246,  50, 248,  56,0x0
63,-1,16,16, 198,  65, 200,  72,0x0
63,-1,16,16, 214,  65, 216,  72,0x0
63,-1,16,16, 229,  66, 232,  72,0x0
63,-1,16,16, 246,  64, 248,  72,0x0
63,-1, 8,16, 258,  66, 260,  72,0x0
63,-1, 8, 8, 187,  87, 188,  92,0x0
63,-1,16, 8, 198,  78, 200,  84,0x0
63,-1,16, 8, 198,  87, 200,  92,0x0
63,-1, 8, 8, 209,  78, 212,  84,0x0
63,-1, 8, 8, 216,  80, 220,  84,0x0
63,-1, 8, 8, 209,  87, 212,  92,0x0
63,-1, 8, 8, 217,  87, 220,  92,0x0
63,-1,16,16, 230,  82, 232,  88,0x0
63,-1, 8,16, 242,  82, 244,  88,0x0
63,-1, 8,16, 248,  83, 252,  88,0x0
63,-1, 8, 8, 258,  79, 260,  84,0x0
63,-1, 8, 8, 263,  80, 268,  84,0x0
63,-1, 8, 8, 256,  88, 260,  92,0x0
63,-1, 8, 8, 263,  87, 268,  92,0x0
63,-1, 8, 8, 202, 101, 204, 108,0x0
63,-1,16,16, 212, 101, 216, 104,0x0
63,-1, 8,16, 221,  99, 228, 104,0x0
63,-1, 8, 8, 248,  97, 252, 100,0x0
63,-1,16,16, 260, 100, 264, 104,0x0
63,-1, 8, 8, 208, 113, 212, 116,0x0
63,-1, 8, 8, 215, 110, 220, 116,0x0
63,-1, 8, 8, 208, 121, 212, 124,0x0
63,-1, 8, 8, 209, 118, 220, 124,0x0
63,-1, 8, 8, 258, 112, 260, 116,0x0
63,-1, 8, 8, 266, 112, 268, 116,0x0
63,-1, 8,16, 204, 130, 204, 136,0x0
63,-1, 8, 8, 210, 126, 212, 132,0x0
63,-1, 8, 8, 252, 205, 244, 204,0x0
24 64, 1,16, 8, 235,  54, 232,  44,0x0
64,-1, 8, 8, 247,  28, 252,  44,0x0
64,-1,16,16, 222,  27, 232,  56,0x0
64,-1,16,16, 239,  29, 248,  56,0x0
64, 1,16,16, 252,  66, 248,  56,0x0
64, 1,16, 8, 220,  83, 216,  76,0x0
64, 1, 8, 8, 232,  78, 228,  68,0x0
64, 1, 8, 8, 240,  77, 236,  68,0x0
64, 1, 8, 8, 231,  85, 228,  76,0x0
64, 1, 8, 8, 240,  86, 236,  76,0x0
64,-1,16, 8, 239,  41, 248,  68,0x0
64,-1,16, 8, 239,  50, 248,  76,0x0
64, 1,16, 8, 253,  79, 248,  68,0x0
64, 1,16, 8, 253,  85, 248,  76,0x0
64,-1, 8,16, 251,  45, 260,  72,0x0
64, 1, 8,16, 264,  84, 260,  72,0x0
64,-1,16, 8, 202,  61, 200,  92,0x0
64, 1,16, 8, 201,  92, 200,  84,0x0
64, 1,16, 8, 204,  96, 200,  92,0x0
64,-1,16,16, 209,  66, 216,  88,0x0
64, 1,16,16, 221,  95, 216,  88,0x0
64,-1,16, 8, 224,  61, 232,  84,0x0
64, 1,16, 8, 236, 102, 232,  92,0x0
64,-1,16,16, 239,  62, 248,  88,0x0
64, 1,16,16, 252,  97, 248,  88,0x0
64,-1,16,16, 255,  62, 264,  88,0x0
64, 1,16,16, 268,  97, 264,  88,0x0
64,-1,16,16, 200,  82, 200, 104,0x0
64, 1,16,16, 204, 108, 200, 104,0x0
64, 1,16,16, 217, 110, 216, 104,0x0
64, 1,16, 8, 235, 109, 232, 100,0x0
64, 1,16, 8, 234, 118, 232, 108,0x0
64,-1,16,16, 239,  78, 248, 104,0x0
64, 1,16,16, 252, 113, 248, 104,0x0
64, 1,16, 8, 264, 112, 264, 100,0x0
64, 1,16, 8, 264, 119, 264, 108,0x0
64,-1, 8, 8, 183, 116, 196, 116,0x0
64, 1, 8, 8, 221, 122, 220, 116,0x0
64, 1, 8, 8, 212, 130, 212, 124,0x0
64, 1, 8, 8, 221, 130, 220, 124,0x0
64, 1,16,16, 234, 130, 232, 120,0x0
64, 1,16, 8, 264, 127, 264, 116,0x0
64, 1,16, 8, 264, 130, 264, 124,0x0
64,-1,16, 8, 216, 126, 216, 140,0x0
64, 1,16, 8, 216, 138, 216, 132,0x0
64, 1,16,16, 264, 142, 264, 136,0x0
64,-1, 8, 8, 252, 163, 260, 148,0x0
21 65,-1, 8,16, 226,  29, 236,  56,0x0
65,-1,16,16, 238,  29, 248,  56,0x0
65,-1, 8, 8, 216,  50, 220,  76,0x0
65,-1,16, 8, 222,  41, 232,  68,0x0
65,-1,16, 8, 223,  52, 232,  76,0x0
65, 1,16, 8, 241,  76, 232,  76,0x0
65,-1,16,16, 238,  45, 248,  72,0x0
65,-1, 8, 8, 198,  60, 204,  92,0x0
65,-1, 8,16, 224,  55, 236,  88,0x0
65, 1, 8,16, 248,  95, 228,  88,0x0
65,-1,16,16, 220,  75, 232, 104,0x0
65,-1, 8, 8, 168, 113, 172, 116,0x0
65,-1, 8, 8, 171, 117, 172, 124,0x0
65, 1, 8, 8, 236, 109, 196, 116,0x0
65, 1, 8, 8, 238, 114, 204, 116,0x0
65,-1, 8, 8, 221, 137, 204, 148,0x0
65, 1,16,16, 217, 162, 216, 152,0x0
65,-1, 8, 8, 244, 149, 236, 148,0x0
65, 1, 8, 8, 229, 166, 228, 156,0x0
65, 1, 8, 8, 244, 158, 236, 156,0x0
65,-1,16, 8, 254, 151, 248, 148,0x0
65,-1,16, 8, 239, 161, 248, 156,0x0
65,-1,16,16, 206, 168, 200, 168,0x0
65,-1, 8, 8, 241, 202, 236, 196,0x0
65, 1, 8, 8, 255, 205, 228, 204,0x0
65,-1, 8,16, 200, 219, 196, 216,0x0
65,-1, 8,16, 237, 226, 236, 232,0x0
65, 1, 8,16, 244, 227, 228, 232,0x0
65,-1, 8,16, 245, 227, 244, 232,0x0
65, 1, 8,16, 235, 250, 204, 248,0x0
65, 1, 8, 8, 269, 232, 244, 252,0x0
65,-1, 8, 8, 237, 255, 236, 260,0x0
65,-1, 8, 8, 233, 262, 236, 268,0x0
65,-1, 8,16, 199, 276, 196, 280,0x0
1 10 8 66,-1, 8, 8, 243,  60, 252,  76,0x0
66, 1, 8, 8, 303,  80, 276,  76,0x0
66,-1,16,16, 242,  43, 264,  88,0x0
66,-1,16, 8, 204,  60, 200, 108,0x0
66,-1,16, 8, 213,  54, 216, 100,0x0
66,-1,16, 8, 216,  61, 216, 108,0x0
66,-1, 8,16, 210,  69, 228, 104,0x0
66,-1, 8,16, 218,  64, 236, 104,0x0
66,-1,16, 8, 274, 100, 280, 100,0x0
66, 1,16, 8, 296, 100, 280, 100,0x0
66,-1, 8, 8, 172, 116, 172, 124,0x0
66,-1,16, 8, 180, 112, 184, 116,0x0
66,-1,16, 8, 175, 126, 184, 124,0x0
66,-1, 8, 8, 204,  78, 204, 116,0x0
66,-1, 8, 8, 198, 121, 204, 124,0x0
66,-1,16, 8, 214, 118, 216, 124,0x0
66, 1,16, 8, 238, 110, 216, 116,0x0
66,-1,16,16, 214,  85, 232, 120,0x0
66, 1,16,16, 254, 114, 232, 120,0x0
66,-1,16, 8, 238,  96, 248, 116,0x0
66,-1,16, 8, 239, 109, 248, 124,0x0
66, 1,16, 8, 267, 119, 248, 124,0x0
66,-1,16,16, 158, 140, 168, 136,0x0
66,-1, 8, 8, 170, 135, 180, 132,0x0
66,-1, 8,16, 275, 126, 276, 136,0x0
66,-1,16, 8, 161, 150, 168, 148,0x0
66,-1, 8,16, 174, 153, 180, 152,0x0
66,-1, 8, 8, 190, 148, 196, 148,0x0
66,-1, 8, 8, 198, 156, 204, 156,0x0
66,-1, 8, 8, 211, 148, 220, 148,0x0
66,-1, 8, 8, 202, 156, 212, 156,0x0
66,-1, 8, 8, 215, 155, 220, 156,0x0
66,-1, 8,16, 206, 167, 212, 168,0x0
66,-1, 8,16, 196, 183, 204, 184,0x0
66,-1, 8,16, 237, 174, 244, 184,0x0
66,-1, 8,16, 245, 178, 252, 184,0x0
66,-1, 8,16, 194, 191, 196, 200,0x0
66,-1, 8,16, 199, 200, 204, 200,0x0
66,-1, 8, 8, 206, 196, 212, 196,0x0
66,-1, 8, 8, 214, 196, 220, 196,0x0
66,-1, 8, 8, 206, 204, 212, 204,0x0
66,-1, 8, 8, 215, 204, 220, 204,0x0
66,-1, 8,16, 190, 215, 196, 216,0x0
66,-1, 8,16, 198, 216, 204, 216,0x0
66,-1, 8, 8, 206, 212, 212, 212,0x0
66,-1, 8, 8, 215, 212, 220, 212,0x0
66,-1, 8, 8, 206, 220, 212, 220,0x0
66,-1, 8,16, 198, 232, 204, 232,0x0
66,-1, 8, 8, 206, 228, 212, 228,0x0
66,-1, 8, 8, 206, 236, 212, 236,0x0
66,-1, 8,16, 240, 228, 244, 232,0x0
66,-1, 8,16, 191, 252, 196, 248,0x0
66,-1, 8, 8, 234, 262, 236, 268,0x0
66, 1,16,16, 205, 296, 200, 296,0x0
66, 1, 8, 8, 281, 311, 276, 308,0x0
66, 1, 8, 8, 279, 309, 292, 308,0x0
10 8 67,-1, 8, 8, 172,  98, 172, 108,0x0
67,-1, 8, 8, 151, 140, 156, 140,0x0
67,-1, 8, 8, 291, 129, 292, 140,0x0
67,-1, 8, 8, 159, 163, 156, 148,0x0
67,-1, 8, 8, 211, 336, 220, 332,0x0
12 8 4 68, 1,16,16, 286,  44, 280,  56,0x0
68,-1, 8,16, 270,  82, 276,  72,0x0
68, 1, 8,16, 281,  60, 276,  72,0x0
68, 1, 8,16, 290,  60, 284,  72,0x0
68,-1,16,16, 290,  83, 296,  72,0x0
68, 1,16,16, 302,  60, 296,  72,0x0
68,-1, 8,16, 302,  82, 308,  72,0x0
68, 1,16, 8, 252,  75, 248,  84,0x0
68, 1,16, 8, 254,  83, 248,  92,0x0
68,-1, 8,16, 247, 103, 260,  88,0x0
68,-1, 8,16, 258, 105, 268,  88,0x0
68,-1,16, 8, 269, 113, 280,  92,0x0
68, 1,16, 8, 286,  72, 280,  84,0x0
68, 1,16, 8, 286,  80, 280,  92,0x0
68, 1,16,16, 301,  77, 296,  88,0x0
68, 1, 8, 8, 313,  73, 308,  84,0x0
68,-1,16,16, 253, 119, 264, 104,0x0
68, 1,16,16, 270,  92, 264, 104,0x0
68,-1, 8, 8, 265, 115, 276, 100,0x0
68, 1, 8, 8, 282,  88, 276, 100,0x0
68, 1, 8, 8, 289,  88, 284, 100,0x0
68, 1, 8, 8, 281,  96, 276, 108,0x0
68, 1, 8, 8, 288,  99, 284, 108,0x0
68, 1,16,16, 301,  93, 296, 104,0x0
68,-1, 8, 8, 213, 131, 220, 116,0x0
68,-1, 8, 8, 217, 134, 220, 124,0x0
68,-1,16, 8, 275, 134, 280, 124,0x0
68, 1,16, 8, 284, 104, 280, 116,0x0
68, 1,16, 8, 284, 115, 280, 124,0x0
68,-1,16,16, 214, 143, 216, 136,0x0
68, 1,16,16, 221, 126, 216, 136,0x0
68,-1,16,16, 210, 157, 216, 152,0x0
68, 1,16,16, 224, 145, 216, 152,0x0
68,-1, 8, 8, 222, 153, 228, 148,0x0
68,-1, 8, 8, 230, 153, 236, 148,0x0
68, 1, 8, 8, 236, 141, 228, 148,0x0
68, 1, 8, 8, 236, 149, 228, 156,0x0
68, 1, 8, 8, 244, 149, 236, 156,0x0
68,-1,16, 8, 232, 166, 248, 156,0x0
68, 1,16, 8, 256, 139, 248, 148,0x0
68, 1,16, 8, 255, 149, 248, 156,0x0
68,-1,16, 8, 292, 160, 296, 156,0x0
68, 1,16, 8, 300, 142, 296, 148,0x0
68,-1, 8, 8, 301, 155, 308, 156,0x0
68,-1, 8,16, 207, 177, 212, 168,0x0
68, 1, 8,16, 228, 164, 220, 168,0x0
68, 1,16,16, 237, 156, 232, 168,0x0
68,-1, 8,16, 248, 172, 260, 168,0x0
68,-1, 8,16, 255, 173, 268, 168,0x0
68,-1,16,16, 284, 171, 296, 168,0x0
68, 1,16,16, 305, 164, 296, 168,0x0
68,-1,16, 8, 305, 163, 312, 164,0x0
68,-1,16, 8, 302, 174, 312, 172,0x0
68, 1,16, 8, 318, 160, 312, 164,0x0
68, 1,16, 8, 319, 169, 312, 172,0x0
68,-1,16, 8, 302, 181, 312, 180,0x0
68, 1,16, 8, 319, 177, 312, 180,0x0
68, 1, 8,16, 294, 241, 276, 232,0x0
68, 1, 8,16, 305, 244, 284, 232,0x0
68,-1,16,16, 231, 256, 248, 248,0x0
68,-1,16,16, 208, 266, 216, 264,0x0
68,-1, 8, 8, 204, 278, 212, 276,0x0
68,-1, 8, 8, 209, 282, 220, 276,0x0
68,-1, 8, 8, 200, 284, 212, 284,0x0
68,-1, 8, 8, 209, 286, 220, 284,0x0
68,-1, 8,16, 222, 282, 228, 280,0x0
68,-1,16, 8, 306, 302, 312, 300,0x0
68,-1, 8,16, 277, 309, 252, 312,0x0
68, 1, 8,16, 259, 312, 252, 312,0x0
68,-1, 8, 8, 307, 308, 316, 308,0x0
68,-1, 8, 8, 315, 308, 324, 308,0x0
68,-1,16,16, 258, 326, 264, 328,0x0
68, 1,16,16, 274, 328, 264, 328,0x0
12 8 4 69,-1,16,16, 300,  77, 312,  56,0x0
69, 1,16, 8, 310,  62, 248,  76,0x0
69,-1,16, 8, 283,  90, 296,  68,0x0
69,-1,16, 8, 284,  98, 296,  76,0x0
69,-1, 8, 8, 296,  89, 308,  68,0x0
69,-1,16,16, 268, 110, 280,  88,0x0
69,-1,16,16, 284, 110, 296,  88,0x0
69,-1, 8, 8, 199,  73, 236, 100,0x0
69,-1, 8, 8, 191,  81, 228, 108,0x0
69,-1, 8, 8, 199,  81, 236, 108,0x0
69,-1, 8, 8, 187,  83, 220, 116,0x0
69,-1, 8, 8, 187,  92, 220, 124,0x0
69,-1, 8,16, 196,  85, 228, 120,0x0
69, 1, 8,16, 345, 120, 236, 120,0x0
69,-1, 8,16, 209, 173, 212, 152,0x0
69,-1, 8,16, 229, 169, 220, 152,0x0
69,-1, 8, 8, 238, 183, 236, 188,0x0
69,-1, 8, 8, 252, 202, 236, 196,0x0
69,-1, 8, 8, 252, 210, 236, 204,0x0
69,-1,16,16, 233, 214, 264, 200,0x0
69,-1, 8, 8, 264, 300, 276, 300,0x0
69,-1, 8, 8, 262, 300, 284, 300,0x0
69,-1,16, 8, 284, 301, 296, 300,0x0
69,-1, 8,16, 315, 299, 324, 296,0x0
69,-1,16, 8, 312, 312, 328, 308,0x0
70,-1, 8, 8, 284,  28, 284,  20,0x0
70,-1, 8, 8, 284,  38, 284,  28,0x0
70,-1,16, 8, 301,  44, 280,  36,0x0
70, 1,16, 8, 299,  22, 280,  44,0x0
70, 1, 8,16, 285,  40, 276,  56,0x0
70, 1, 8,16, 302,  34, 284,  56,0x0
70, 1, 8, 8, 277,  57, 268,  68,0x0
70, 1, 8, 8, 269,  60, 260,  76,0x0
70, 1, 8, 8, 277,  62, 268,  76,0x0
70,-1,16, 8, 318,  73, 312,  76,0x0
70,-1,16,16, 246, 200, 264, 200,0x0
70,-1, 8, 8, 217, 289, 236, 292,0x0
71,-1, 8, 8, 228,  52, 236,  92,0x0
71,-1, 8,16, 224, 184, 212, 184,0x0
71,-1, 8,16, 392, 209, 388, 216,0x0
71,-1, 8, 8, 197, 284, 204, 284,0x0
71,-1, 8, 8, 200, 321, 212, 308,0x0
71,-1, 8, 8, 207, 323, 220, 308,0x0
71,-1, 8, 8, 200, 330, 212, 316,0x0
71,-1, 8, 8, 208, 330, 220, 316,0x0
25 17 4 2 8 2 72,-1, 8, 8, 307,  13, 316,   4,0x0
72,-1, 8, 8, 306,  21, 316,  12,0x0
72,-1, 8,16, 315,  16, 324,   8,0x0
72,-1, 8,16, 323,  16, 332,   8,0x0
72,-1,16, 8, 335,  12, 344,   4,0x0
72,-1,16, 8, 335,  19, 344,  12,0x0
72, 1,16, 8, 353,   0, 344,   4,0x0
72,-1, 8, 8, 347,  20, 356,  12,0x0
72, 1, 8, 8, 365,   4, 356,   4,0x0
72, 1, 8, 8, 365,   8, 356,  12,0x0
72, 1,16,16, 308,  18, 296,  24,0x0
72,-1, 8,16, 296,  35, 308,  24,0x0
72,-1, 8,16, 305,  32, 316,  24,0x0
72, 1, 8,16, 320,  18, 308,  24,0x0
72, 1, 8,16, 326,  19, 316,  24,0x0
72,-1, 8,16, 315,  32, 324,  24,0x0
72, 1, 8,16, 333,  20, 324,  24,0x0
72, 1, 8,16, 341,  20, 332,  24,0x0
72, 1,16,16, 352,  20, 344,  24,0x0
72, 1,16, 8, 308,  28, 296,  36,0x0
72, 1,16, 8, 307,  35, 296,  44,0x0
72,-1, 8, 8, 297,  44, 308,  36,0x0
72,-1, 8, 8, 308,  44, 316,  36,0x0
72, 1, 8, 8, 320,  35, 308,  44,0x0
72, 1, 8, 8, 326,  32, 316,  44,0x0
72,-1, 8, 8, 316,  44, 324,  36,0x0
72,-1, 8, 8, 324,  44, 332,  36,0x0
72,-1, 8, 8, 327,  50, 324,  44,0x0
72, 1, 8, 8, 332,  32, 324,  36,0x0
72, 1, 8, 8, 340,  47, 332,  44,0x0
72, 1, 8,16, 307,  39, 276,  56,0x0
72, 1, 8,16, 295,  47, 284,  56,0x0
72, 1,16,16, 307,  47, 296,  56,0x0
72, 1, 8,16, 318,  44, 308,  56,0x0
72, 1, 8,16, 326,  44, 316,  56,0x0
72,-1, 8,16, 255,  86, 268,  72,0x0
72, 1, 8,16, 270,  61, 260,  72,0x0
72, 1, 8,16, 299,  55, 268,  72,0x0
72, 1, 8, 8, 290,  60, 276,  68,0x0
72, 1, 8, 8, 293,  57, 284,  68,0x0
72, 1, 8, 8, 301,  59, 276,  76,0x0
72, 1, 8, 8, 309,  56, 284,  76,0x0
72, 1, 8,16, 303,  65, 292,  72,0x0
72, 1, 8,16, 290,  66, 300,  72,0x0
72,-1,16, 8, 315,  87, 312,  76,0x0
72, 1,16, 8, 329,  62, 312,  68,0x0
72, 1,16, 8, 328,  70, 312,  76,0x0
72,-1,16, 8, 328,  74, 328,  68,0x0
72,-1,16, 8, 339,  79, 328,  76,0x0
72,-1, 8, 8, 265, 103, 276,  92,0x0
72,-1, 8, 8, 275, 109, 284,  92,0x0
72, 1, 8, 8, 287,  77, 276,  84,0x0
72, 1, 8, 8, 295,  77, 284,  84,0x0
72,-1,16,16, 271, 138, 280, 120,0x0
72,-1,16,16, 281, 147, 296, 136,0x0
72,-1, 8,16, 302, 147, 308, 136,0x0
72,-1, 8,16, 310, 144, 316, 136,0x0
72, 1, 8,16, 324, 138, 316, 136,0x0
72,-1, 8, 8, 330, 141, 348, 140,0x0
72,-1,16, 8, 336, 142, 360, 140,0x0
72, 1,16,16, 294, 146, 280, 152,0x0
72,-1, 8,16, 291, 163, 300, 152,0x0
72, 1, 8,16, 307, 143, 292, 152,0x0
72, 1, 8,16, 313, 140, 300, 152,0x0
72,-1, 8,16, 299, 165, 308, 152,0x0
72, 1, 8,16, 324, 160, 316, 152,0x0
72, 1,16, 8, 339, 148, 328, 148,0x0
72, 1,16, 8, 336, 164, 328, 156,0x0
72,-1,16, 8, 270, 176, 280, 172,0x0
72, 1,16, 8, 294, 158, 280, 164,0x0
72,-1,16, 8, 307, 168, 312, 164,0x0
72,-1,16, 8, 305, 176, 312, 172,0x0
72, 1,16, 8, 320, 169, 312, 164,0x0
72,-1, 8,16, 381, 160, 372, 168,0x0
72,-1, 8,16, 262, 194, 276, 184,0x0
72, 1, 8,16, 293, 178, 284, 184,0x0
72,-1, 8,16, 292, 188, 300, 184,0x0
72,-1, 8, 8, 297, 192, 308, 180,0x0
72,-1, 8, 8, 309, 184, 316, 180,0x0
72,-1, 8, 8, 299, 191, 308, 188,0x0
72,-1, 8, 8, 307, 192, 316, 188,0x0
72, 1, 8,16, 413, 180, 404, 184,0x0
72, 1, 8,16, 421, 183, 412, 184,0x0
72, 1,16,16, 281, 191, 264, 200,0x0
72,-1, 8,16, 262, 209, 276, 200,0x0
72,-1, 8,16, 297, 207, 308, 200,0x0
72,-1, 8,16, 305, 208, 316, 200,0x0
72, 1, 8,16, 320, 192, 308, 200,0x0
72, 1, 8,16, 349, 194, 332, 200,0x0
72, 1, 8,16, 407, 194, 396, 200,0x0
72, 1, 8, 8, 412, 196, 404, 196,0x0
72, 1, 8, 8, 421, 192, 412, 196,0x0
72, 1, 8, 8, 413, 200, 404, 204,0x0
72,-1, 8, 8, 238, 214, 244, 212,0x0
72,-1, 8, 8, 237, 224, 244, 220,0x0
72,-1, 8, 8, 241, 224, 252, 220,0x0
72, 1, 8, 8, 267, 204, 252, 212,0x0
72,-1,16,16, 249, 225, 264, 216,0x0
72, 1,16,16, 281, 206, 264, 216,0x0
72,-1, 8,16, 298, 224, 308, 216,0x0
72, 1, 8,16, 324, 208, 316, 216,0x0
72,-1,16, 8, 370, 212, 376, 212,0x0
72, 1,16, 8, 391, 212, 376, 220,0x0
72, 1,16, 8, 404, 205, 392, 212,0x0
72, 1,16, 8, 406, 212, 392, 220,0x0
72,-1,16,16, 249, 240, 264, 232,0x0
72, 1,16, 8, 324, 220, 312, 228,0x0
72, 1, 8, 8, 333, 221, 324, 228,0x0
72, 1, 8, 8, 339, 221, 332, 228,0x0
72, 1, 8, 8, 331, 229, 324, 236,0x0
72, 1,16, 8, 390, 220, 376, 228,0x0
72, 1, 8,16, 218, 248, 212, 248,0x0
72, 1, 8,16, 227, 239, 220, 248,0x0
72,-1, 8,16, 241, 250, 252, 248,0x0
72,-1,16, 8, 250, 252, 264, 244,0x0
72, 1,16, 8, 275, 235, 264, 244,0x0
72, 1, 8,16, 227, 255, 220, 264,0x0
72,-1,16, 8, 260, 264, 264, 260,0x0
72, 1, 8, 8, 279, 275, 268, 284,0x0
72, 1,16,16, 292, 271, 280, 280,0x0
72,-1, 8, 8, 228, 292, 236, 292,0x0
72, 1, 8, 8, 245, 284, 236, 292,0x0
72, 1, 8, 8, 244, 292, 236, 300,0x0
72, 1, 8,16, 254, 288, 244, 296,0x0
72, 1, 8,16, 261, 288, 252, 296,0x0
72,-1, 8, 8, 256, 295, 268, 292,0x0
72, 1, 8, 8, 269, 284, 260, 292,0x0
72, 1, 8, 8, 269, 292, 260, 300,0x0
72, 1, 8, 8, 277, 292, 268, 300,0x0
72,-1, 8,16, 263, 300, 276, 296,0x0
72,-1,16, 8, 287, 300, 296, 300,0x0
72,-1, 8,16, 310, 296, 316, 296,0x0
72,-1,16, 8, 322, 293, 328, 292,0x0
72,-1,16, 8, 322, 306, 328, 300,0x0
72,-1, 8, 8, 409, 300, 404, 300,0x0
72,-1, 8,16, 283, 312, 292, 312,0x0
72,-1, 8,16, 293, 312, 300, 312,0x0
72, 1, 8,16, 306, 312, 292, 312,0x0
72,-1, 8, 8, 302, 308, 308, 308,0x0
72, 1,16,16, 334, 311, 328, 312,0x0
72,-1, 8, 8, 353, 312, 356, 308,0x0
28 17 4 2 8 4 73,-1, 8,16, 286,   8, 292,   8,0x0
73, 1, 8,16, 316,  11, 300,   8,0x0
73, 1,16,16, 328,  11, 312,   8,0x0
73,-1, 8,16, 303,  21, 324,   8,0x0
73,-1, 8,16, 313,  21, 332,   8,0x0
73,-1, 8, 8, 321,  16, 340,   4,0x0
73,-1, 8, 8, 329,  15, 348,   4,0x0
73,-1, 8, 8, 321,  24, 340,  12,0x0
73,-1, 8, 8, 332,  23, 348,  12,0x0
73,-1, 8, 8, 339,  15, 356,   4,0x0
73,-1, 8, 8, 347,   5, 364,   4,0x0
73,-1, 8, 8, 339,  23, 356,  12,0x0
73,-1, 8,16, 277,  23, 284,  24,0x0
73,-1, 8,16, 279,  45, 300,  24,0x0
73, 1, 8,16, 305,  27, 292,  24,0x0
73,-1,16,16, 290,  41, 312,  24,0x0
73,-1,16, 8, 327,  31, 344,  20,0x0
73,-1,16, 8, 327,  40, 344,  28,0x0
73,-1,16,16, 343,  35, 360,  24,0x0
73,-1, 8,16, 268,  40, 276,  40,0x0
73, 1, 8,16, 304,  34, 284,  40,0x0
73,-1, 8,16, 279,  59, 300,  40,0x0
73, 1, 8,16, 312,  34, 292,  40,0x0
73,-1, 8, 8, 279,  71, 300,  52,0x0
73,-1, 8, 8, 279,  76, 300,  60,0x0
73, 1, 8, 8, 312,  45, 292,  52,0x0
73, 1, 8, 8, 312,  52, 292,  60,0x0
73, 1, 8,16, 287,  67, 268,  72,0x0
73,-1,16, 8, 260,  93, 280,  76,0x0
73, 1,16, 8, 299,  60, 280,  68,0x0
73,-1,16, 8, 276,  93, 296,  76,0x0
73, 1,16, 8, 308,  53, 296,  68,0x0
73,-1,16,16, 331,  82, 312,  88,0x0
73, 1,16,16, 361, 120, 328, 120,0x0
73,-1,16,16, 271, 153, 296, 136,0x0
73,-1, 8, 8, 283, 149, 308, 132,0x0
73,-1, 8, 8, 283, 157, 308, 140,0x0
73,-1, 8, 8, 298, 158, 316, 140,0x0
73, 1, 8, 8, 350, 129, 316, 132,0x0
73,-1, 8, 8, 308, 172, 324, 172,0x0
73,-1, 8, 8, 308, 182, 324, 180,0x0
73,-1, 8, 8, 308, 188, 324, 188,0x0
73, 1, 8, 8, 398, 188, 388, 180,0x0
73, 1, 8, 8, 411, 196, 396, 188,0x0
73, 1, 8,16, 426, 186, 420, 184,0x0
73,-1, 8, 8, 252, 186, 252, 196,0x0
73,-1, 8, 8, 239, 212, 244, 204,0x0
73,-1, 8, 8, 250, 210, 252, 204,0x0
73, 1, 8, 8, 426, 198, 420, 196,0x0
73,-1,16,16, 239, 225, 248, 216,0x0
73,-1, 8,16, 242, 236, 252, 232,0x0
73,-1, 8,16, 213, 248, 220, 248,0x0
73, 1, 8,16, 234, 245, 220, 248,0x0
73,-1, 8, 8, 354, 285, 364, 284,0x0
73,-1,16, 8, 270, 290, 264, 292,0x0
73,-1, 8,16, 306, 296, 300, 296,0x0
73,-1, 8,16, 309, 296, 316, 296,0x0
73, 1, 8,16, 324, 295, 308, 296,0x0
73,-1,16,16, 313, 298, 328, 296,0x0
73, 1,16,16, 339, 294, 328, 296,0x0
73,-1,16, 8, 333, 294, 344, 300,0x0
73,-1, 8, 8, 410, 299, 404, 300,0x0
73,-1, 8, 8, 248, 311, 244, 308,0x0
73,-1,16,16, 304, 299, 296, 312,0x0
73,-1, 8, 8, 308, 297, 308, 308,0x0
73,-1, 8, 8, 309, 308, 316, 308,0x0
73,-1, 8, 8, 315, 312, 308, 316,0x0
73,-1, 8,16, 317, 313, 324, 312,0x0
73, 1, 8,16, 346, 313, 332, 312,0x0
18 4 74,-1,16,16, 289,   8, 296,   8,0x0
74, 1,16,16, 319,   8, 312,   8,0x0
74,-1, 8,16, 320,   5, 332,   8,0x0
74, 1, 8,16, 331,   9, 324,   8,0x0
74,-1,16, 8, 328,   6, 344,   4,0x0
74,-1,16, 8, 328,  11, 344,  12,0x0
74, 1,16, 8, 351,   4, 344,   4,0x0
74, 1,16, 8, 353,  12, 344,  12,0x0
74,-1,16,16, 345,   8, 360,   8,0x0
74, 1,16,16, 367,   8, 360,   8,0x0
74,-1,16,16, 361,   8, 376,   8,0x0
74, 1,16,16, 383,   8, 376,   8,0x0
74,-1, 8,16, 284,  24, 292,  24,0x0
74,-1, 8,16, 290,  24, 300,  24,0x0
74, 1, 8,16, 314,  24, 308,  24,0x0
74,-1,16, 8, 347,  20, 360,  20,0x0
74, 1, 8,16, 290,  39, 284,  40,0x0
74, 1, 8,16, 298,  40, 292,  40,0x0
74, 1,16,16, 318,  41, 312,  40,0x0
74,-1, 8,16, 305,  40, 324,  40,0x0
74, 1,16,16, 383,  52, 360,  40,0x0
74,-1, 8,16, 268,  50, 276,  56,0x0
74, 1, 8,16, 290,  56, 284,  56,0x0
74, 1,16,16, 303,  55, 296,  56,0x0
74, 1, 8,16, 390,  60, 372,  56,0x0
74,-1, 8,16, 264,  75, 276,  72,0x0
74, 1, 8,16, 281,  72, 276,  72,0x0
74, 1, 8,16, 291,  71, 284,  72,0x0
74,-1,16,16, 278,  79, 296,  72,0x0
74, 1,16,16, 335,  69, 328,  72,0x0
74,-1, 8,16, 272,  92, 284,  88,0x0
74, 1, 8,16, 282,  88, 276,  88,0x0
74, 1, 8,16, 289,  88, 284,  88,0x0
74, 1, 8,16, 337,  92, 324,  88,0x0
74, 1, 8,16, 343,  88, 332,  88,0x0
74, 1, 8,16, 290, 104, 284, 104,0x0
74, 1,16,16, 339, 103, 328, 104,0x0
74, 1,16,16, 369, 122, 360, 120,0x0
74, 1,16,16, 355, 136, 344, 136,0x0
74,-1,16, 8, 325, 139, 360, 132,0x0
74, 1,16, 8, 370, 141, 360, 140,0x0
74,-1, 8,16, 330, 151, 340, 152,0x0
74, 1, 8,16, 358, 150, 348, 152,0x0
74,-1,16,16, 276, 177, 296, 168,0x0
74,-1,16,16, 292, 177, 312, 168,0x0
74,-1, 8, 8, 414, 171, 420, 172,0x0
74,-1,16,16, 402, 183, 408, 184,0x0
74,-1,16,16, 417, 182, 424, 184,0x0
74,-1, 8,16, 223, 229, 236, 216,0x0
74, 1, 8,16, 240, 212, 236, 216,0x0
74,-1, 8, 8, 346, 217, 340, 212,0x0
74,-1,16, 8, 391, 208, 408, 212,0x0
74,-1,16, 8, 393, 216, 408, 220,0x0
74,-1, 8,16, 416, 205, 420, 216,0x0
74,-1, 8,16, 244, 248, 236, 248,0x0
74,-1,16, 8, 303, 300, 312, 300,0x0
74,-1,16, 8, 318, 293, 328, 292,0x0
74, 1,16,16, 322, 312, 312, 312,0x0
74,-1, 8, 8, 308, 308, 324, 308,0x0
74, 1,16,16, 352, 312, 344, 312,0x0
74, 1, 8,16, 364, 311, 356, 312,0x0
8 5 75,-1, 8,16, 288,   7, 308,   8,0x0
75,-1, 8,16, 301,   8, 316,   8,0x0
75,-1, 8, 8, 279,  18, 300,  20,0x0
75,-1, 8, 8, 277,  28, 300,  28,0x0
75,-1, 8,16, 214, 233, 220, 232,0x0
75,-1, 8,16, 296, 273, 324, 264,0x0
75,-1,16, 8, 215, 312, 232, 292,0x0
75,-1,16, 8, 224, 310, 232, 300,0x0
33 2 76,-1, 8,16, 308,   9, 316,   8,0x0
76,-1,16,16, 320,   9, 328,   8,0x0
76,-1,16, 8, 328,   3, 360,   4,0x0
76,-1,16, 8, 347,   5, 360,  12,0x0
76,-1, 8,16, 365,   6, 372,   8,0x0
76,-1, 8,16, 375,   5, 380,   8,0x0
76,-1,16,16, 290,  24, 296,  24,0x0
76,-1,16,16, 304,  28, 312,  24,0x0
76,-1,16,16, 320,  25, 328,  24,0x0
76,-1,16,16, 290,  40, 296,  40,0x0
76, 1,16,16, 304,  40, 296,  40,0x0
76,-1, 8, 8, 327,  37, 332,  36,0x0
76,-1, 8, 8, 323,  43, 332,  44,0x0
76, 1, 8, 8, 325,  39, 324,  44,0x0
76, 1,16,16, 391,  46, 376,  40,0x0
76,-1, 8,16, 281,  50, 284,  56,0x0
76, 1, 8,16, 289,  61, 284,  56,0x0
76,-1,16,16, 289,  55, 296,  56,0x0
76, 1,16,16, 301,  61, 296,  56,0x0
76,-1,16,16, 304,  55, 312,  56,0x0
76, 1,16,16, 375,  62, 360,  56,0x0
76,-1, 8,16, 278,  73, 284,  72,0x0
76, 1, 8,16, 291,  74, 284,  72,0x0
76,-1,16, 8, 290,  67, 296,  68,0x0
76,-1,16, 8, 290,  76, 296,  76,0x0
76,-1,16, 8, 306,  77, 312,  76,0x0
76, 1,16, 8, 320,  69, 312,  68,0x0
76,-1,16,16, 319,  73, 328,  72,0x0
76, 1,16,16, 337,  73, 328,  72,0x0
76,-1, 8, 8, 335,  71, 340,  68,0x0
76,-1, 8, 8, 335,  80, 340,  76,0x0
76,-1, 8, 8, 343,  79, 348,  76,0x0
76, 1, 8, 8, 357,  69, 348,  68,0x0
76, 1, 8, 8, 349,  77, 340,  76,0x0
76, 1, 8,16, 384,  75, 372,  72,0x0
76, 1, 8,16, 392,  76, 380,  72,0x0
76,-1,16,16, 402,  72, 408,  72,0x0
76,-1, 8,16, 278,  88, 284,  88,0x0
76, 1, 8,16, 290,  88, 284,  88,0x0
76,-1,16,16, 290,  88, 296,  88,0x0
76, 1,16,16, 302,  88, 296,  88,0x0
76,-1,16,16, 306,  90, 312,  88,0x0
76,-1,16,16, 319,  90, 328,  88,0x0
76, 1,16,16, 337,  89, 328,  88,0x0
76,-1,16,16, 329,  79, 344,  88,0x0
76, 1,16,16, 353,  89, 344,  88,0x0
76,-1,16, 8, 348,  89, 360,  92,0x0
76, 1,16, 8, 369,  85, 360,  84,0x0
76, 1,16, 8, 384,  90, 376,  84,0x0
76, 1,16, 8, 384,  98, 376,  92,0x0
76,-1,16,16, 291, 104, 296, 104,0x0
76,-1,16,16, 306, 102, 312, 104,0x0
76,-1,16,16, 318, 104, 328, 104,0x0
76, 1,16,16, 337, 105, 328, 104,0x0
76,-1,16, 8, 333,  98, 344, 100,0x0
76,-1,16, 8, 331, 106, 344, 108,0x0
76,-1, 8,16, 345, 102, 356, 104,0x0
76,-1, 8,16, 354, 100, 364, 104,0x0
76, 1, 8,16, 363, 108, 356, 104,0x0
76, 1, 8,16, 371, 109, 364, 104,0x0
76,-1,16,16, 291, 120, 296, 120,0x0
76,-1,16,16, 306, 120, 312, 120,0x0
76,-1, 8,16, 334, 118, 340, 120,0x0
76,-1, 8,16, 338, 120, 348, 120,0x0
76,-1,16,16, 350, 120, 360, 120,0x0
76, 1,16,16, 367, 124, 360, 120,0x0
76,-1, 8,16, 367, 117, 372, 120,0x0
76,-1,16,16, 307, 136, 312, 136,0x0
76,-1, 8,16, 326, 136, 332, 136,0x0
76,-1,16,16, 333, 135, 344, 136,0x0
76,-1,16,16, 350, 134, 360, 136,0x0
76,-1,16,16, 370, 133, 376, 136,0x0
76,-1, 8,16, 382, 131, 388, 136,0x0
76,-1,16,16, 369, 148, 376, 152,0x0
76,-1,16, 8, 417, 149, 408, 148,0x0
76,-1, 8,16, 365, 168, 372, 168,0x0
76,-1, 8,16, 362, 189, 364, 184,0x0
76,-1,16, 8, 371, 187, 376, 180,0x0
76,-1,16, 8, 369, 194, 376, 188,0x0
76,-1,16,16, 404, 211, 408, 216,0x0
76,-1, 8,16, 251, 234, 260, 232,0x0
76,-1,16, 8, 403, 223, 408, 228,0x0
76,-1,16,16, 256, 256, 264, 248,0x0
76,-1, 8, 8, 314, 265, 332, 260,0x0
76,-1, 8,16, 327, 296, 332, 296,0x0
76,-1, 8, 8, 356, 300, 364, 300,0x0
76, 1, 8, 8, 361, 300, 356, 300,0x0
76,-1,16,16, 370, 295, 376, 296,0x0
76,-1, 8, 8, 276, 325, 276, 316,0x0
76,-1,16, 8, 338, 309, 344, 308,0x0
76,-1,16, 8, 329, 316, 344, 316,0x0
76,-1, 8,16, 344, 312, 356, 312,0x0
76,-1, 8,16, 354, 312, 364, 312,0x0
76,-1, 8, 8, 366, 308, 372, 308,0x0
76,-1, 8, 8, 374, 308, 380, 308,0x0
1 5 33 2 77,-1, 8,16, 291,   9, 324,   8,0x0
77,-1, 8,16, 292,   9, 332,   8,0x0
77,-1,16,16, 319,  14, 344,   8,0x0
77,-1, 8, 8, 332,   0, 372,   4,0x0
77,-1, 8, 8, 340,   0, 380,   4,0x0
77,-1, 8, 8, 327,   4, 372,  12,0x0
77,-1, 8, 8, 365,   5, 380,  12,0x0
77,-1, 8, 8, 383,   6, 388,   4,0x0
77,-1, 8, 8, 381,  11, 388,  12,0x0
77,-1, 8, 8, 391,  14, 396,  12,0x0
77,-1, 8,16, 294,  24, 308,  24,0x0
77,-1, 8,16, 300,  27, 316,  24,0x0
77,-1,16,16, 322,  15, 328,  24,0x0
77,-1,16,16, 328,  18, 344,  24,0x0
77,-1,16, 8, 385,  17, 392,  20,0x0
77,-1,16, 8, 386,  28, 392,  28,0x0
77,-1,16,16, 284,  72, 296,  72,0x0
77,-1,16,16, 300,  72, 312,  72,0x0
77,-1,16,16, 312,  84, 328,  88,0x0
77,-1,16, 8, 348,  82, 376,  84,0x0
77,-1,16, 8, 355,  81, 376,  92,0x0
77,-1,16, 8, 395,  84, 408,  84,0x0
77,-1, 8, 8, 377, 131, 388, 140,0x0
77,-1, 8, 8, 415, 156, 404, 156,0x0
77,-1, 8, 8, 420, 156, 412, 156,0x0
77,-1, 8,16, 363, 168, 372, 168,0x0
77,-1, 8,16, 371, 188, 380, 168,0x0
77,-1, 8,16, 244, 238, 260, 232,0x0
77,-1, 8,16, 280, 236, 284, 232,0x0
77,-1,16,16, 305, 296, 312, 296,0x0
77,-1,16,16, 320, 296, 328, 296,0x0
77,-1,16,16, 333, 296, 344, 296,0x0
34 2 78,-1,16, 8, 327,   4, 344,   4,0x0
78,-1,16, 8, 332,   9, 344,  12,0x0
78,-1, 8,16, 387,  13, 388,   8,0x0
78,-1, 8,16, 395,  13, 396,   8,0x0
78, 1, 8,16, 399,  25, 388,   8,0x0
78,-1,16,16, 318,  23, 328,  24,0x0
78,-1,16,16, 334,  23, 344,  24,0x0
78,-1,16,16, 346,  22, 360,  24,0x0
78,-1, 8,16, 364,  19, 372,  24,0x0
78,-1, 8,16, 371,  18, 380,  24,0x0
78,-1, 8, 8, 380,  12, 388,  20,0x0
78,-1, 8, 8, 380,  25, 388,  28,0x0
78,-1,16, 8, 303,  35, 312,  36,0x0
78,-1,16, 8, 305,  41, 312,  44,0x0
78,-1, 8,16, 316,  39, 324,  40,0x0
78, 1, 8,16, 344,  48, 332,  40,0x0
78,-1,16, 8, 334,  30, 344,  36,0x0
78,-1,16, 8, 339,  36, 344,  44,0x0
78,-1, 8, 8, 346,  31, 356,  36,0x0
78, 1, 8, 8, 383,  55, 364,  36,0x0
78, 1, 8, 8, 373,  62, 356,  44,0x0
78, 1, 8, 8, 381,  61, 364,  44,0x0
78,-1,16, 8, 386,  35, 392,  36,0x0
78,-1,16,16, 287,  54, 296,  56,0x0
78,-1,16,16, 304,  54, 312,  56,0x0
78,-1, 8,16, 316,  54, 324,  56,0x0
78,-1, 8,16, 323,  53, 332,  56,0x0
78,-1,16, 8, 334,  47, 344,  52,0x0
78,-1,16, 8, 334,  54, 344,  60,0x0
78,-1, 8,16, 340,  54, 356,  56,0x0
78,-1, 8,16, 372,  55, 380,  56,0x0
78,-1,16,16, 381,  48, 392,  56,0x0
78,-1,16,16, 403,  56, 408,  56,0x0
78,-1,16, 8, 288,  64, 296,  68,0x0
78,-1,16, 8, 288,  76, 296,  76,0x0
78,-1, 8,16, 304,  67, 308,  72,0x0
78,-1, 8,16, 310,  70, 316,  72,0x0
78,-1,16,16, 318,  68, 328,  72,0x0
78,-1,16, 8, 335,  64, 344,  68,0x0
78,-1,16, 8, 334,  72, 344,  76,0x0
78,-1, 8,16, 389,  65, 396,  72,0x0
78,-1,16, 8, 402,  68, 408,  68,0x0
78,-1,16, 8, 400,  68, 408,  76,0x0
78,-1, 8,16, 292,  83, 300,  88,0x0
78,-1, 8,16, 309,  85, 316,  88,0x0
78,-1,16,16, 318,  84, 328,  88,0x0
78,-1,16,16, 334,  84, 344,  88,0x0
78,-1, 8,16, 346,  84, 356,  88,0x0
78,-1,16,16, 386,  80, 392,  88,0x0
78,-1, 8,16, 396,  79, 404,  88,0x0
78,-1, 8,16, 406,  79, 412,  88,0x0
78,-1,16,16, 318, 100, 328, 104,0x0
78,-1,16, 8, 334,  97, 344, 100,0x0
78,-1,16, 8, 334, 105, 344, 108,0x0
78,-1,16,16, 351, 100, 360, 104,0x0
78,-1,16, 8, 366, 100, 376, 100,0x0
78,-1,16, 8, 371, 100, 376, 108,0x0
78,-1,16,16, 387,  96, 392, 104,0x0
78,-1,16, 8, 403,  92, 408, 100,0x0
78,-1,16,16, 322, 115, 328, 120,0x0
78,-1,16,16, 339, 119, 344, 120,0x0
78,-1,16,16, 350, 116, 360, 120,0x0
78,-1, 8, 8, 367, 108, 372, 116,0x0
78,-1, 8, 8, 375, 108, 380, 116,0x0
78,-1, 8, 8, 382, 116, 380, 124,0x0
78, 1, 8, 8, 392, 124, 372, 124,0x0
78,-1,16, 8, 323, 129, 328, 132,0x0
78,-1, 8,16, 326, 152, 332, 152,0x0
78, 1,16,16, 367, 181, 376, 168,0x0
78,-1, 8,16, 341, 184, 356, 184,0x0
78,-1, 8,16, 345, 178, 364, 184,0x0
78,-1, 8,16, 351, 179, 372, 184,0x0
78,-1, 8,16, 360, 180, 380, 184,0x0
78,-1,16, 8, 355, 191, 376, 196,0x0
78,-1,16, 8, 356, 199, 376, 204,0x0
78,-1,16, 8, 316, 214, 344, 212,0x0
78,-1,16, 8, 318, 226, 344, 220,0x0
78,-1,16, 8, 328, 215, 360, 212,0x0
78, 1, 8,16, 430, 216, 420, 216,0x0
78,-1, 8, 8, 315, 234, 340, 228,0x0
78,-1, 8, 8, 320, 234, 348, 228,0x0
78,-1, 8, 8, 315, 242, 340, 236,0x0
78,-1, 8, 8, 323, 242, 348, 236,0x0
78,-1, 8,16, 321, 248, 348, 248,0x0
78,-1,16, 8, 407, 235, 408, 244,0x0
78,-1, 8, 8, 350, 292, 356, 292,0x0
78,-1, 8, 8, 358, 300, 364, 300,0x0
78, 1, 8, 8, 362, 300, 356, 300,0x0
78,-1, 8, 8, 375, 298, 380, 300,0x0
32 2 79, 1,16, 8, 378,  32, 376,  20,0x0
79, 1,16, 8, 378,  41, 376,  28,0x0
79, 1, 8,16, 406,  32, 404,  24,0x0
79, 1,16,16, 365,  54, 344,  40,0x0
79, 1,16,16, 410,  48, 408,  40,0x0
79,-1,16, 8, 308,  46, 344,  60,0x0
79, 1,16, 8, 368,  66, 344,  52,0x0
79,-1,16,16, 321,  42, 360,  56,0x0
79, 1,16,16, 370, 109, 344,  88,0x0
79,-1, 8,16, 350,  87, 372,  88,0x0
79, 1,16,16, 410, 166, 392, 168,0x0
79,-1, 8,16, 414, 168, 404, 168,0x0
79,-1, 8,16, 392, 200, 380, 200,0x0
79, 1, 8,16, 372, 180, 372, 200,0x0
79, 1, 8, 8, 369, 212, 364, 212,0x0
79,-1,16,16, 401, 213, 408, 232,0x0
79, 1,16,16, 425, 247, 408, 232,0x0
79, 1, 8,16, 430, 247, 420, 232,0x0
79,-1, 8, 8, 303, 290, 340, 292,0x0
79,-1, 8, 8, 308, 292, 348, 292,0x0
79,-1,16, 8, 360, 303, 360, 292,0x0
79,-1,16, 8, 315, 299, 360, 300,0x0
79,-1, 8,16, 327, 296, 372, 296,0x0
79,-1,16,16, 323, 301, 376, 312,0x0
6 7 80, 1,16, 8, 395,  23, 392,  12,0x0
80,-1,16,16, 338,  44, 344,  40,0x0
80, 1,16,16, 355,  40, 344,  40,0x0
80,-1,16,16, 373,  28, 376,  40,0x0
80, 1,16,16, 376,  56, 376,  40,0x0
80,-1, 8,16, 320,  48, 332,  56,0x0
80,-1,16, 8, 338,  41, 344,  52,0x0
80,-1,16, 8, 333,  52, 344,  60,0x0
80, 1,16, 8, 362,  72, 344,  60,0x0
80,-1,16, 8, 349,  51, 360,  60,0x0
80, 1,16, 8, 368,  68, 360,  52,0x0
80, 1,16, 8, 373,  71, 360,  60,0x0
80, 1,16,16, 376,  72, 376,  56,0x0
80,-1,16,16, 317,  64, 328,  72,0x0
80, 1,16,16, 339,  85, 328,  72,0x0
80,-1,16,16, 404,  65, 408,  72,0x0
80,-1,16,16, 330,  80, 344,  88,0x0
80,-1,16,16, 346,  79, 360,  88,0x0
80, 1,16,16, 373, 101, 360,  88,0x0
80,-1,16, 8, 403,  73, 408,  84,0x0
80,-1,16, 8, 403,  79, 408,  92,0x0
80,-1,16,16, 330,  96, 344, 104,0x0
80,-1,16,16, 350,  96, 360, 104,0x0
80,-1,16,16, 372, 113, 376, 104,0x0
80, 1,16,16, 382, 102, 376, 104,0x0
80,-1,16, 8, 405,  89, 408, 100,0x0
80,-1,16, 8, 405,  95, 408, 108,0x0
80,-1, 8, 8, 348, 111, 356, 116,0x0
80,-1, 8, 8, 356, 111, 364, 116,0x0
80,-1, 8, 8, 354, 117, 364, 124,0x0
80,-1, 8, 8, 378, 107, 388, 116,0x0
80,-1, 8, 8, 386, 107, 396, 116,0x0
80,-1, 8, 8, 380, 118, 388, 124,0x0
80,-1, 8,16, 409, 106, 412, 120,0x0
80,-1, 8,16, 417, 106, 420, 120,0x0
80,-1, 8,16, 370, 126, 380, 136,0x0
80,-1,16, 8, 423, 118, 424, 132,0x0
80,-1,16,16, 355, 145, 360, 152,0x0
80, 1,16,16, 368, 163, 360, 152,0x0
80,-1, 8, 8, 372, 201, 372, 212,0x0
80,-1, 8, 8, 371, 209, 372, 220,0x0
6 7 81,-1,16, 8, 295,   5, 328,   4,0x0
81,-1,16, 8, 295,  13, 328,  12,0x0
81,-1, 8,16, 291,  25, 324,  24,0x0
81,-1, 8,16, 299,  27, 332,  24,0x0
81,-1, 8, 8, 366,  48, 348,  60,0x0
81,-1,16,16, 348,  80, 328,  88,0x0
81,-1,16,16, 327,  88, 376, 120,0x0
81,-1, 8, 8, 321, 148, 332, 148,0x0
81,-1, 8, 8, 338, 156, 332, 156,0x0
81,-1,16,16, 313, 296, 360, 296,0x0
7 82, 1,16, 8, 411,  45, 392,  44,0x0
82, 1,16,16, 379,  92, 376,  72,0x0
82, 1,16,16, 398,  91, 392,  72,0x0
82, 1, 8,16, 410,  88, 404,  72,0x0
82, 1,16, 8, 390,  99, 376,  84,0x0
82, 1,16, 8, 410, 107, 376,  92,0x0
82, 1,16,16, 398, 104, 392,  88,0x0
82,-1, 8,16, 428,  95, 428, 104,0x0
82, 1, 8,16, 348, 128, 340, 120,0x0
82, 1, 8,16, 356, 131, 348, 120,0x0
82, 1,16, 8, 414, 130, 392, 116,0x0
82, 1,16, 8, 415, 135, 392, 124,0x0
82, 1,16, 8, 401, 144, 376, 132,0x0
82, 1,16, 8, 400, 150, 376, 140,0x0
82,-1, 8, 8, 353, 112, 388, 140,0x0
82,-1, 8, 8, 361, 112, 396, 140,0x0
82, 1, 8, 8, 411, 146, 388, 132,0x0
82, 1, 8, 8, 419, 143, 396, 132,0x0
82,-1, 8,16, 388, 115, 412, 136,0x0
82, 1, 8,16, 423, 144, 404, 136,0x0
82, 1,16, 8, 413, 158, 392, 148,0x0
82, 1,16, 8, 404, 166, 392, 156,0x0
82, 1, 8, 8, 425, 156, 420, 148,0x0
82, 1, 8, 8, 435, 148, 428, 148,0x0
82, 1, 8, 8, 432, 156, 420, 156,0x0
82, 1, 8, 8, 367, 184, 364, 180,0x0
82,-1, 8,16, 345, 142, 372, 184,0x0
82,-1,16,16, 416, 182, 424, 184,0x0
82,-1,16,16, 412, 188, 424, 200,0x0
82,-1, 8, 8, 425, 210, 436, 220,0x0
82,-1,16, 8, 409, 214, 424, 228,0x0
82, 1, 8, 8, 432, 282, 428, 276,0x0
16 83,-1,16, 8, 360,   6, 360,  84,0x0
83,-1,16, 8, 363,  16, 360,  92,0x0
83,-1,16, 8, 375,  71, 376,  84,0x0
83,-1,16, 8, 375,  81, 376,  92,0x0
83,-1,16,16, 391,  76, 392,  88,0x0
83, 1,16,16, 414,  95, 408,  88,0x0
83,-1,16,16, 352, 106, 360, 104,0x0
83, 1,16,16, 389, 108, 376, 104,0x0
83, 1,16,16, 398, 108, 392, 104,0x0
83, 1,16,16, 415, 108, 408, 104,0x0
83,-1,16,16, 420,  97, 424, 104,0x0
83, 1,16,16, 364, 126, 360, 120,0x0
83,-1, 8,16, 369, 115, 380, 120,0x0
83, 1, 8,16, 380, 125, 372, 120,0x0
83, 1, 8,16, 392, 124, 380, 120,0x0
83, 1,16,16, 402, 125, 392, 120,0x0
83,-1,16,16, 399, 114, 408, 120,0x0
83,-1, 8,16, 430, 117, 436, 120,0x0
83,-1,16,16, 332, 136, 344, 136,0x0
83, 1,16,16, 350, 139, 344, 136,0x0
83,-1,16,16, 353, 136, 360, 136,0x0
83, 1,16,16, 369, 138, 360, 136,0x0
83,-1,16, 8, 366, 128, 376, 132,0x0
83, 1,16, 8, 389, 137, 376, 132,0x0
83, 1,16, 8, 385, 143, 376, 140,0x0
83, 1,16,16, 402, 143, 392, 136,0x0
83, 1,16,16, 418, 142, 408, 136,0x0
83, 1, 8,16, 353, 152, 348, 152,0x0
83,-1,16, 8, 354, 156, 360, 156,0x0
83, 1,16,16, 385, 155, 376, 152,0x0
83,-1,16,16, 380, 149, 392, 152,0x0
83, 1, 8,16, 417, 158, 404, 152,0x0
83, 1, 8,16, 422, 156, 412, 152,0x0
83, 1, 8, 8, 425, 152, 420, 148,0x0
83, 1, 8, 8, 426, 157, 420, 156,0x0
83,-1,16, 8, 350, 159, 360, 164,0x0
83, 1,16,16, 380, 178, 376, 168,0x0
83,-1, 8, 8, 376, 161, 388, 164,0x0
83, 1, 8, 8, 392, 170, 388, 164,0x0
83,-1, 8,16, 414, 176, 420, 168,0x0
83, 1, 8,16, 425, 162, 420, 168,0x0
83,-1, 8,16, 421, 221, 436, 232,0x0
83,-1, 8, 8, 424, 235, 436, 244,0x0
83,-1, 8, 8, 424, 243, 436, 252,0x0
83,-1,16, 8, 370, 298, 376, 300,0x0
83, 1,16, 8, 382, 300, 376, 300,0x0
15 84,-1,16,16, 371,  72, 376,  72,0x0
84,-1,16,16, 415,  72, 408,  72,0x0
84,-1, 8,16, 362,  86, 356,  88,0x0
84,-1, 8,16, 323, 105, 332, 104,0x0
84,-1,16, 8, 318,  39, 360, 100,0x0
84,-1,16, 8, 326,  41, 360, 108,0x0
84,-1,16,16, 368, 201, 376, 200,0x0
84,-1, 8, 8, 420, 221, 436, 228,0x0
84,-1, 8, 8, 425, 219, 444, 228,0x0
84,-1, 8, 8, 420, 228, 436, 236,0x0
84,-1, 8, 8, 431, 228, 444, 236,0x0
84,-1, 8, 8, 426, 274, 436, 276,0x0
84,-1, 8, 8, 422, 270, 436, 284,0x0
84,-1, 8,16, 315, 296, 348, 296,0x0
84,-1,16,16, 334, 294, 360, 296,0x0
84,-1, 8,16, 427, 290, 436, 296,0x0
84,-1, 8, 8, 329, 309, 364, 308,0x0
84,-1,16, 8, 370, 308, 376, 308,0x0
85,-1,16, 8, 369, 125, 376, 124,0x0
85,-1, 8, 8, 383, 123, 388, 124,0x0
85,-1, 8,16, 406, 120, 412, 120,0x0
85,-1, 8,16, 414, 120, 420, 120,0x0
85,-1, 8, 8, 406, 132, 412, 132,0x0
85,-1, 8, 8, 423, 131, 428, 132,0x0
13 86,-1,16,16, 386,  76, 392,  72,0x0
86,-1, 8,16, 399,  76, 404,  72,0x0
86,-1, 8,16, 406,  73, 412,  72,0x0
86,-1,16,16, 370,  89, 376,  88,0x0
86,-1,16,16, 387,  91, 392,  88,0x0
86,-1, 8, 8, 397,  88, 404,  84,0x0
86,-1, 8, 8, 406,  87, 412,  84,0x0
86,-1, 8, 8, 398,  95, 404,  92,0x0
86,-1, 8, 8, 406,  95, 412,  92,0x0
86,-1,16,16, 417,  90, 424,  88,0x0
86,-1, 8, 8, 434,  96, 436,  92,0x0
86,-1, 8, 8, 381, 105, 388, 100,0x0
86,-1, 8, 8, 390, 106, 396, 100,0x0
86,-1, 8, 8, 382, 113, 388, 108,0x0
86,-1, 8, 8, 390, 113, 396, 108,0x0
86,-1,16, 8, 402, 103, 408, 100,0x0
86,-1,16, 8, 402, 113, 408, 108,0x0
86,-1,16,16, 417, 107, 424, 104,0x0
86,-1,16,16, 371, 125, 376, 120,0x0
86,-1,16, 8, 386, 120, 392, 116,0x0
86,-1,16, 8, 386, 129, 392, 124,0x0
86,-1,16,16, 402, 124, 408, 120,0x0
86,-1,16,16, 418, 123, 424, 120,0x0
86,-1, 8, 8, 440, 119, 444, 116,0x0
86,-1, 8, 8, 430, 126, 436, 124,0x0
86,-1, 8, 8, 352, 137, 356, 132,0x0
86,-1, 8, 8, 360, 137, 364, 132,0x0
86,-1, 8, 8, 350, 146, 356, 140,0x0
86,-1,16,16, 387, 139, 392, 136,0x0
86,-1,16,16, 419, 139, 424, 136,0x0
86,-1, 8,16, 430, 139, 436, 136,0x0
86,-1, 8,16, 416, 156, 420, 152,0x0
86,-1, 8,16, 421, 155, 428, 152,0x0
86,-1, 8,16, 381, 165, 388, 168,0x0
86,-1,16, 8, 420, 168, 424, 164,0x0
86,-1, 8, 8, 378, 302, 388, 300,0x0
13 87,-1, 8, 8, 404, 102, 420, 100,0x0
87,-1, 8, 8, 412, 110, 428, 108,0x0
87,-1, 8, 8, 348, 138, 356, 132,0x0
7 88,-1,16, 8, 400,  66, 408,  60,0x0
88,-1, 8,16, 391,  78, 396,  72,0x0
88,-1,16, 8, 404,  74, 408,  68,0x0
88,-1,16, 8, 404,  82, 408,  76,0x0
88,-1, 8, 8, 416,  74, 420,  68,0x0
88,-1, 8, 8, 416,  82, 420,  76,0x0
88,-1, 8, 8, 424,  82, 428,  76,0x0
88,-1, 8,16, 386,  93, 388,  88,0x0
88,-1, 8,16, 394,  94, 396,  88,0x0
88,-1,16,16, 404,  94, 408,  88,0x0
88,-1, 8, 8, 416,  90, 420,  84,0x0
88,-1, 8, 8, 424,  90, 428,  84,0x0
88,-1, 8, 8, 416,  98, 420,  92,0x0
88,-1, 8, 8, 424,  98, 428,  92,0x0
88,-1,16, 8, 434,  87, 440,  84,0x0
88,-1,16, 8, 437,  98, 440,  92,0x0
88,-1, 8,16, 386, 110, 388, 104,0x0
88,-1, 8,16, 395, 110, 396, 104,0x0
88,-1,16, 8, 420, 106, 424, 100,0x0
88,-1, 8,16, 450, 108, 452, 104,0x0
88,-1,16,16, 356, 126, 360, 120,0x0
88,-1,16,16, 374, 126, 376, 120,0x0
88,-1,16,16, 390, 125, 392, 120,0x0
88,-1, 8, 8, 379, 134, 372, 132,0x0
88,-1,16, 8, 386, 161, 392, 156,0x0
88,-1, 8, 8, 437, 148, 444, 148,0x0
88,-1,16,16, 385, 173, 392, 168,0x0
7 1 90,-1, 8,16, 408,  61, 412,  56,0x0
90,-1,16,16, 414,  69, 424,  56,0x0
90,-1, 8, 8, 392,  81, 396,  76,0x0
90,-1, 8,16, 408,  77, 412,  72,0x0
90,-1, 8,16, 415,  77, 420,  72,0x0
90,-1, 8,16, 424,  76, 428,  72,0x0
90,-1, 8, 8, 436,  74, 436,  68,0x0
90,-1, 8, 8, 436,  82, 436,  76,0x0
90,-1, 8, 8, 444,  82, 444,  76,0x0
90,-1, 8,16, 402,  99, 404,  88,0x0
90,-1, 8,16, 428,  94, 428,  88,0x0
90,-1, 8, 8, 376, 116, 380, 108,0x0
90,-1, 8, 8, 385, 106, 388, 100,0x0
90,-1,16, 8, 357, 122, 360, 116,0x0
90,-1, 8, 8, 368, 122, 372, 116,0x0
90,-1, 8, 8, 377, 121, 380, 116,0x0
90,-1, 8, 8, 370, 129, 372, 124,0x0
1 94,-1, 8,16, 399, 155, 404, 152,0x0
96,-1, 8, 8, 426, 193, 428, 188,0x0
96,-1, 8,16, 430, 224, 428, 216,0x0
96,-1,16,16, 442, 221, 440, 216,0x0
98,-1, 8,16, 397, 168, 404, 168,0x0
98,-1, 8,16, 385, 180, 388, 184,0x0
98,-1, 8,16, 428, 206, 428, 200,0x0
98,-1, 8, 8, 401, 214, 404, 220,0x0
98,-1,16, 8, 441, 220, 440, 212,0x0
98,-1, 8,16, 401, 223, 404, 232,0x0
98,-1, 8,16, 451, 248, 444, 248,0x0
100,-1,16,16, 415, 100, 424, 104,0x0
101,-1, 8,16, 405, 226, 404, 232,0x0
102,-1, 8, 8, 402, 157, 396, 156,0x0
103,-1, 8, 8, 438, 164, 428, 164,0x0
103,-1, 8, 8, 433, 172, 428, 172,0x0
103,-1,16,16, 430, 183, 424, 184,0x0
103,-1, 8, 8, 442, 188, 436, 188,0x0
103,-1,16,16, 426, 210, 424, 216,0x0
103,-1, 8, 8, 393, 282, 388, 276,0x0
103,-1, 8, 8, 401, 290, 396, 284,0x0
104,-1,16, 8, 424, 191, 424, 196,0x0
104,-1, 8, 8, 396, 257, 396, 252,0x0
104,-1, 8, 8, 404, 257, 404, 252,0x0
106,-1,16, 8, 413,  50, 408,  52,0x0
106,-1,16, 8, 413,  58, 408,  60,0x0
106,-1,16,16, 429,  54, 424,  56,0x0
106,-1, 8, 8, 409,  66, 404,  68,0x0
106,-1, 8, 8, 417,  66, 412,  68,0x0
106,-1, 8, 8, 409,  74, 404,  76,0x0
106,-1,16,16, 429,  70, 424,  72,0x0
106,-1,16,16, 447,  72, 440,  72,0x0
106,-1,16,16, 424, 194, 424, 200,0x0
107,-1, 8, 8, 393, 164, 404, 164,0x0
107,-1, 8, 8, 393, 170, 404, 172,0x0
108,-1, 8, 8, 428, 179, 428, 172,0x0
110,-1, 8, 8, 391, 278, 396, 284,0x0
111,-1, 8, 8, 440, 136, 436, 140,0x0
111,-1, 8,16, 397, 160, 396, 152,0x0
111,-1,16,16, 381, 173, 376, 168,0x0
111,-1,16, 8, 382, 183, 376, 180,0x0
111,-1,16, 8, 382, 191, 376, 188,0x0
111,-1, 8,16, 389, 192, 388, 184,0x0
111,-1,16, 8, 379, 192, 376, 196,0x0
111,-1,16, 8, 381, 208, 376, 204,0x0
111,-1,16, 8, 394, 225, 392, 220,0x0
114,-1, 8, 8, 389, 233, 388, 228,0x0
116,-1,16, 8, 428, 101, 424, 108,0x0
119,-1, 8, 8, 242,   9, 244,   4,0x0
119,-1, 8, 8, 414, 250, 412, 244,0x0
119,-1, 8, 8, 383, 273, 380, 268,0x0
119,-1,16, 8, 397, 281, 392, 276,0x0
122,-1, 8,16, 380, 193, 380, 200,0x0
122,-1, 8,16, 380, 208, 380, 216,0x0
122,-1,16, 8, 408, 249, 408, 244,0x0
124,-1, 8, 8, 413, 226, 412, 220,0x0
132,-1,16,16, 414,  72, 408,  72,0x0
139,-1, 8, 8, 417, 259, 412, 260,0x0
